{
    "affinity_pred_value": -0.743691623210907,
    "affinity_probability_binary": 0.48656266927719116,
    "affinity_pred_value1": 0.46344828605651855,
    "affinity_probability_binary1": 0.016065355390310287,
    "affinity_pred_value2": -1.9508315324783325,
    "affinity_probability_binary2": 0.9570599794387817
}