{
    "confidence_score": 0.6841080784797668,
    "ptm": 0.6752249598503113,
    "iptm": 0.7088668346405029,
    "ligand_iptm": 0.0,
    "protein_iptm": 0.7088668346405029,
    "complex_plddt": 0.6779183745384216,
    "complex_iplddt": 0.6884139776229858,
    "complex_pde": 1.8700305223464966,
    "complex_ipde": 4.731092929840088,
    "chains_ptm": {
        "0": 0.6748150587081909,
        "1": 0.9107192754745483
    },
    "pair_chains_iptm": {
        "0": {
            "0": 0.6748150587081909,
            "1": 0.29039379954338074
        },
        "1": {
            "0": 0.7088668346405029,
            "1": 0.9107192754745483
        }
    }
}