{
    "affinity_pred_value": -0.5769169330596924,
    "affinity_probability_binary": 0.4353408217430115,
    "affinity_pred_value1": 0.4367569088935852,
    "affinity_probability_binary1": 8.679663551447447e-06,
    "affinity_pred_value2": -1.5905908346176147,
    "affinity_probability_binary2": 0.8706729412078857
}