{
    "confidence_score": 0.7351884245872498,
    "ptm": 0.8536466956138611,
    "iptm": 0.9459562301635742,
    "ligand_iptm": 0.0,
    "protein_iptm": 0.9459562301635742,
    "complex_plddt": 0.6824964284896851,
    "complex_iplddt": 0.6663501262664795,
    "complex_pde": 0.8664093613624573,
    "complex_ipde": 1.2695890665054321,
    "chains_ptm": {
        "0": 0.8525677919387817,
        "1": 0.9748873114585876
    },
    "pair_chains_iptm": {
        "0": {
            "0": 0.8525677919387817,
            "1": 0.7064351439476013
        },
        "1": {
            "0": 0.9459562301635742,
            "1": 0.9748873114585876
        }
    }
}