{
    "affinity_pred_value": -0.6111727952957153,
    "affinity_probability_binary": 0.49238321185112,
    "affinity_pred_value1": 0.6955888867378235,
    "affinity_probability_binary1": 0.0012924813199788332,
    "affinity_pred_value2": -1.9179344177246094,
    "affinity_probability_binary2": 0.9834739565849304
}