{
    "confidence_score": 0.7612971663475037,
    "ptm": 0.9004124999046326,
    "iptm": 0.9743617177009583,
    "ligand_iptm": 0.0,
    "protein_iptm": 0.9743617177009583,
    "complex_plddt": 0.7080309987068176,
    "complex_iplddt": 0.7539572715759277,
    "complex_pde": 0.5954806804656982,
    "complex_ipde": 0.7550143003463745,
    "chains_ptm": {
        "0": 0.8998605012893677,
        "1": 0.99010169506073
    },
    "pair_chains_iptm": {
        "0": {
            "0": 0.8998605012893677,
            "1": 0.7322394251823425
        },
        "1": {
            "0": 0.9743617177009583,
            "1": 0.99010169506073
        }
    }
}